<?xml version="1.0"?>
<Runs Version="1" Minor="0">
	<Run Id="Driver_MIPI_0_synth_1" LaunchDir="E:/backups/vivado_work/color_rec/color_rec.runs/Driver_MIPI_0_synth_1" FlowId="Vivado_Synthesis" FromStepId="vivado" ToStepId="vivado"/>
	<Run Id="OV5647_Init_0_synth_1" LaunchDir="E:/backups/vivado_work/color_rec/color_rec.runs/OV5647_Init_0_synth_1" FlowId="Vivado_Synthesis" FromStepId="vivado" ToStepId="vivado"/>
	<Run Id="synth_1" LaunchDir="E:/backups/vivado_work/color_rec/color_rec.runs/synth_1" FlowId="Vivado_Synthesis" FromStepId="vivado" ToStepId="vivado">
		<Parent Id="Driver_MIPI_0_synth_1"/>
		<Parent Id="OV5647_Init_0_synth_1"/>
	</Run>
	<Parameters>
		<Parameter Name="runs.monitorLSFJobs" Val="true" Type="bool"/>
	</Parameters>
</Runs>

