<?xml version="1.0" encoding="UTF-8"?>
<GenRun Id="impl_1" LaunchPart="xc7s15ftgb196-1" LaunchTime="1596182857">
  <File Type="BITSTR-BMM" Name="color_rec_bd.bmm"/>
  <File Type="OPT-METHODOLOGY-DRC" Name="color_rec_methodology_drc_opted.rpt"/>
  <File Type="INIT-TIMING" Name="color_rec_timing_summary_init.rpt"/>
  <File Type="ROUTE-PWR" Name="color_rec_power_routed.rpt"/>
  <File Type="PA-TCL" Name="color_rec.tcl"/>
  <File Type="OPT-TIMING" Name="color_rec_timing_summary_opted.rpt"/>
  <File Type="OPT-DCP" Name="color_rec_opt.dcp"/>
  <File Type="ROUTE-PWR-SUM" Name="color_rec_power_summary_routed.pb"/>
  <File Type="REPORTS-TCL" Name="color_rec_reports.tcl"/>
  <File Type="OPT-DRC" Name="color_rec_drc_opted.rpt"/>
  <File Type="OPT-HWDEF" Name="color_rec.hwdef"/>
  <File Type="PWROPT-DCP" Name="color_rec_pwropt.dcp"/>
  <File Type="PWROPT-DRC" Name="color_rec_drc_pwropted.rpt"/>
  <File Type="PWROPT-TIMING" Name="color_rec_timing_summary_pwropted.rpt"/>
  <File Type="PLACE-DCP" Name="color_rec_placed.dcp"/>
  <File Type="PLACE-IO" Name="color_rec_io_placed.rpt"/>
  <File Type="PLACE-CLK" Name="color_rec_clock_utilization_placed.rpt"/>
  <File Type="PLACE-UTIL" Name="color_rec_utilization_placed.rpt"/>
  <File Type="PLACE-UTIL-PB" Name="color_rec_utilization_placed.pb"/>
  <File Type="PLACE-CTRL" Name="color_rec_control_sets_placed.rpt"/>
  <File Type="PLACE-SIMILARITY" Name="color_rec_incremental_reuse_placed.rpt"/>
  <File Type="PLACE-PRE-SIMILARITY" Name="color_rec_incremental_reuse_pre_placed.rpt"/>
  <File Type="BG-BGN" Name="color_rec.bgn"/>
  <File Type="PLACE-TIMING" Name="color_rec_timing_summary_placed.rpt"/>
  <File Type="POSTPLACE-PWROPT-DCP" Name="color_rec_postplace_pwropt.dcp"/>
  <File Type="BG-BIN" Name="color_rec.bin"/>
  <File Type="POSTPLACE-PWROPT-TIMING" Name="color_rec_timing_summary_postplace_pwropted.rpt"/>
  <File Type="PHYSOPT-DCP" Name="color_rec_physopt.dcp"/>
  <File Type="PHYSOPT-DRC" Name="color_rec_drc_physopted.rpt"/>
  <File Type="BITSTR-MSK" Name="color_rec.msk"/>
  <File Type="PHYSOPT-TIMING" Name="color_rec_timing_summary_physopted.rpt"/>
  <File Type="ROUTE-ERROR-DCP" Name="color_rec_routed_error.dcp"/>
  <File Type="ROUTE-DCP" Name="color_rec_routed.dcp"/>
  <File Type="ROUTE-BLACKBOX-DCP" Name="color_rec_routed_bb.dcp"/>
  <File Type="ROUTE-DRC" Name="color_rec_drc_routed.rpt"/>
  <File Type="ROUTE-DRC-PB" Name="color_rec_drc_routed.pb"/>
  <File Type="BITSTR-LTX" Name="debug_nets.ltx"/>
  <File Type="BITSTR-LTX" Name="color_rec.ltx"/>
  <File Type="ROUTE-DRC-RPX" Name="color_rec_drc_routed.rpx"/>
  <File Type="BITSTR-MMI" Name="color_rec.mmi"/>
  <File Type="ROUTE-METHODOLOGY-DRC" Name="color_rec_methodology_drc_routed.rpt"/>
  <File Type="ROUTE-METHODOLOGY-DRC-RPX" Name="color_rec_methodology_drc_routed.rpx"/>
  <File Type="BITSTR-SYSDEF" Name="color_rec.sysdef"/>
  <File Type="ROUTE-METHODOLOGY-DRC-PB" Name="color_rec_methodology_drc_routed.pb"/>
  <File Type="ROUTE-PWR-RPX" Name="color_rec_power_routed.rpx"/>
  <File Type="ROUTE-STATUS" Name="color_rec_route_status.rpt"/>
  <File Type="ROUTE-STATUS-PB" Name="color_rec_route_status.pb"/>
  <File Type="ROUTE-TIMINGSUMMARY" Name="color_rec_timing_summary_routed.rpt"/>
  <File Type="ROUTE-TIMING-PB" Name="color_rec_timing_summary_routed.pb"/>
  <File Type="ROUTE-TIMING-RPX" Name="color_rec_timing_summary_routed.rpx"/>
  <File Type="ROUTE-SIMILARITY" Name="color_rec_incremental_reuse_routed.rpt"/>
  <File Type="ROUTE-CLK" Name="color_rec_clock_utilization_routed.rpt"/>
  <File Type="ROUTE-BUS-SKEW" Name="color_rec_bus_skew_routed.rpt"/>
  <File Type="ROUTE-BUS-SKEW-PB" Name="color_rec_bus_skew_routed.pb"/>
  <File Type="ROUTE-BUS-SKEW-RPX" Name="color_rec_bus_skew_routed.rpx"/>
  <File Type="POSTROUTE-PHYSOPT-DCP" Name="color_rec_postroute_physopt.dcp"/>
  <File Type="POSTROUTE-PHYSOPT-BLACKBOX-DCP" Name="color_rec_postroute_physopt_bb.dcp"/>
  <File Type="POSTROUTE-PHYSOPT-TIMING" Name="color_rec_timing_summary_postroute_physopted.rpt"/>
  <File Type="POSTROUTE-PHYSOPT-TIMING-PB" Name="color_rec_timing_summary_postroute_physopted.pb"/>
  <File Type="POSTROUTE-PHYSOPT-TIMING-RPX" Name="color_rec_timing_summary_postroute_physopted.rpx"/>
  <File Type="POSTROUTE-PHYSOPT-BUS-SKEW" Name="color_rec_bus_skew_postroute_physopted.rpt"/>
  <File Type="POSTROUTE-PHYSOPT-BUS-SKEW-PB" Name="color_rec_bus_skew_postroute_physopted.pb"/>
  <File Type="BG-BIT" Name="color_rec.bit"/>
  <File Type="POSTROUTE-PHYSOPT-BUS-SKEW-RPX" Name="color_rec_bus_skew_postroute_physopted.rpx"/>
  <File Type="BITSTR-RBT" Name="color_rec.rbt"/>
  <File Type="BITSTR-NKY" Name="color_rec.nky"/>
  <File Type="BG-DRC" Name="color_rec.drc"/>
  <File Type="RDI-RDI" Name="color_rec.vdi"/>
  <File Type="WBT-USG" Name="usage_statistics_webtalk.html"/>
  <FileSet Name="sources" Type="DesignSrcs" RelSrcDir="$PSRCDIR/sources_1">
    <Filter Type="Srcs"/>
    <File Path="$PSRCDIR/sources_1/ip/OV5647_Init_0/OV5647_Init_0.xci">
      <FileInfo>
        <Attr Name="UsedIn" Val="synthesis"/>
        <Attr Name="UsedIn" Val="implementation"/>
        <Attr Name="UsedIn" Val="simulation"/>
      </FileInfo>
    </File>
    <File Path="$PSRCDIR/sources_1/ip/Driver_IIC_0/Driver_IIC_0.xci">
      <FileInfo>
        <Attr Name="UsedIn" Val="synthesis"/>
        <Attr Name="UsedIn" Val="implementation"/>
        <Attr Name="UsedIn" Val="simulation"/>
      </FileInfo>
    </File>
    <File Path="$PSRCDIR/sources_1/ip/Driver_MIPI_0/Driver_MIPI_0.xci">
      <FileInfo>
        <Attr Name="UsedIn" Val="synthesis"/>
        <Attr Name="UsedIn" Val="implementation"/>
        <Attr Name="UsedIn" Val="simulation"/>
      </FileInfo>
    </File>
    <File Path="$PSRCDIR/sources_1/ip/Clk_Division_0/Clk_Division_0.xci">
      <FileInfo>
        <Attr Name="UsedIn" Val="synthesis"/>
        <Attr Name="UsedIn" Val="implementation"/>
        <Attr Name="UsedIn" Val="simulation"/>
      </FileInfo>
    </File>
    <File Path="$PSRCDIR/sources_1/new/RGB_light.v">
      <FileInfo>
        <Attr Name="UsedIn" Val="synthesis"/>
        <Attr Name="UsedIn" Val="implementation"/>
        <Attr Name="UsedIn" Val="simulation"/>
      </FileInfo>
    </File>
    <File Path="$PSRCDIR/sources_1/new/color_rec.v">
      <FileInfo>
        <Attr Name="UsedIn" Val="synthesis"/>
        <Attr Name="UsedIn" Val="implementation"/>
        <Attr Name="UsedIn" Val="simulation"/>
      </FileInfo>
    </File>
    <Config>
      <Option Name="DesignMode" Val="RTL"/>
      <Option Name="TopModule" Val="color_rec"/>
      <Option Name="TopAutoSet" Val="TRUE"/>
    </Config>
  </FileSet>
  <FileSet Name="constrs_in" Type="Constrs" RelSrcDir="$PSRCDIR/constrs_1">
    <Filter Type="Constrs"/>
    <File Path="$PSRCDIR/constrs_1/new/system.xdc">
      <FileInfo>
        <Attr Name="UsedIn" Val="synthesis"/>
        <Attr Name="UsedIn" Val="implementation"/>
      </FileInfo>
    </File>
    <Config>
      <Option Name="ConstrsType" Val="XDC"/>
    </Config>
  </FileSet>
  <FileSet Name="utils" Type="Utils" RelSrcDir="$PSRCDIR/utils_1">
    <Filter Type="Utils"/>
    <Config>
      <Option Name="TopAutoSet" Val="TRUE"/>
    </Config>
  </FileSet>
  <Strategy Version="1" Minor="2">
    <StratHandle Name="Vivado Implementation Defaults" Flow="Vivado Implementation 2018"/>
    <Step Id="init_design"/>
    <Step Id="opt_design"/>
    <Step Id="power_opt_design"/>
    <Step Id="place_design"/>
    <Step Id="post_place_power_opt_design"/>
    <Step Id="phys_opt_design"/>
    <Step Id="route_design"/>
    <Step Id="post_route_phys_opt_design"/>
    <Step Id="write_bitstream"/>
  </Strategy>
  <BlockFileSet Type="BlockSrcs" Name="clk_wiz_0"/>
  <BlockFileSet Type="BlockSrcs" Name="Driver_SK6805_0"/>
</GenRun>
